metric,value
accuracy,0.5597424429853776
f1_score,0.5681540902662394
weightedPrecision,0.6042954486005196
weightedRecall,0.5597424429853776
